"deviceName","date","time","state","volts","radioPowerLevel","repeated"
"BACK","2024-12-26","09:12:16",1,4083,-84,""
"FRONT","2024-12-26","09:12:17",2,4083,-84,""
"FRONT","2024-12-26","09:12:54",1,4082,-89,""
"BIFOLD","2024-12-26","09:13:45",1,4095,-81,""
"FRONT","2024-12-26","09:14:12",2,4044,-76,""
"LOUNGE","2024-12-26","09:14:50",1,4028,-78,""
"LOUNGE","2024-12-26","09:14:52",2,4028,-78,""
"LOUNGE","2024-12-26","09:14:53",1,4028,-78,""
"LOUNGE","2024-12-26","09:14:54",2,4028,-78,""
"LOUNGE","2024-12-26","09:14:55",1,4028,-78,""
"DINING","2024-12-26","09:15:14",1,4001,-78,""
"FRONT","2024-12-26","09:21:40",1,4083,-82,""
"FRONT","2024-12-26","09:21:41",2,4083,-82,""
"FRONT","2024-12-26","09:22:42",1,4059,-88,""
"FRONT","2024-12-26","12:53:33",1,4089,-84,"X"
"DINING","2024-12-26","14:08:09",1,4058,-85,"X"
"BIFOLD","2024-12-27","16:58:42",2,4095,-69,""
"BIFOLD","2024-12-27","16:59:03",1,4095,-68,""
"DINING","2024-12-28","03:25:35",2,3567,-70,""
"LOUNGE","2024-12-28","08:33:53",1,4000,-78,"XOK"
"LOUNGE","2024-12-28","08:33:54",2,4000,-77,""
"LOUNGE","2024-12-28","08:33:55",1,4000,-77,""
"LOUNGE","2024-12-28","08:33:56",2,4000,-77,""
"LOUNGE","2024-12-28","08:33:57",1,4000,-77,""
"DINING","2024-12-28","08:34:26",2,3620,-78,"XOK"
"DINING","2024-12-28","08:34:27",1,3620,-78,""
"DINING","2024-12-28","08:34:28",2,3620,-78,""
"DINING","2024-12-28","08:34:30",1,3620,-78,""
"DINING","2024-12-28","08:34:31",2,3620,-78,""
"DINING","2024-12-28","08:34:32",1,3620,-78,""
"FRONT","2024-12-28","12:13:02",2,4089,-87,""
"FRONT","2024-12-28","12:13:22",1,4036,-84,""
"FRONT","2024-12-28","12:13:23",2,4036,-84,""
"FRONT","2024-12-28","12:13:44",1,4046,-87,""
"FRONT","2024-12-28","14:29:29",1,4066,-82,"XOK"
"FRONT","2024-12-28","14:29:30",2,4066,-82,""
"FRONT","2024-12-28","14:30:23",1,4068,-88,""
"LOUNGE","2024-12-28","19:18:04",1,4007,-83,"XOK"
"LOUNGE","2024-12-28","19:18:05",2,4007,-83,""
"LOUNGE","2024-12-29","08:38:48",2,4003,-83,"X"
"LOUNGE","2024-12-29","08:39:35",1,4000,-75,""
"FRONT","2024-12-29","09:51:23",2,4075,-87,""
"FRONT","2024-12-29","09:52:34",1,4059,-86,""
"BIFOLD","2024-12-29","11:32:24",2,4095,-82,""
"BIFOLD","2024-12-29","11:34:16",1,4095,-80,""
"FRONT","2024-12-29","12:01:33",2,4072,-81,""
"FRONT","2024-12-29","12:28:27",2,4067,-83,"X"
"BIFOLD","2024-12-29","13:10:22",2,4095,-84,""
"BIFOLD","2024-12-29","13:10:32",1,4095,-77,""
"FRONT","2024-12-29","19:51:57",1,4082,-84,""
"FRONT","2024-12-29","19:52:10",2,4040,-86,""
"FRONT","2024-12-29","20:02:46",2,4057,-86,"XOK"
"FRONT","2024-12-29","20:02:47",1,4057,-86,""
"FRONT","2024-12-30","20:14:26",2,4064,-86,""
"FRONT","2024-12-30","20:14:27",1,4064,-86,""
"FRONT","2024-12-30","20:14:28",2,4064,-86,""
"FRONT","2024-12-30","20:15:14",1,4007,-87,""
"BIFOLD","2024-12-31","11:00:43",1,4095,-79,"XOK"
"BIFOLD","2024-12-31","11:00:44",2,4095,-79,""
"BIFOLD","2024-12-31","12:34:52",1,4095,-80,""
"BIFOLD","2024-12-31","12:35:04",2,4095,-65,""
"BIFOLD","2024-12-31","12:35:05",1,4095,-65,""
"FRONT","2024-12-31","14:41:51",1,4056,-91,"XOK"
"FRONT","2024-12-31","14:41:52",2,4056,-91,""
"FRONT","2024-12-31","16:20:04",2,4055,-83,"XOK"
"FRONT","2024-12-31","16:20:05",1,4055,-83,""
"FRONT","2024-12-31","16:38:30",2,4057,-87,""
"FRONT","2024-12-31","16:38:46",1,4051,-84,""
"BIFOLD","2024-12-31","17:22:48",1,4095,-78,"XOK"
"BIFOLD","2024-12-31","17:22:50",2,4095,-78,""
"BIFOLD","2024-12-31","17:23:06",1,4095,-83,""
"BIFOLD","2024-12-31","17:23:19",2,4095,-82,""
"BIFOLD","2024-12-31","17:24:26",2,4095,-84,"XOK"
"BIFOLD","2024-12-31","17:24:27",1,4095,-84,""
"FRONT","2025-01-02","10:12:55",2,4051,-86,""
"FRONT","2025-01-02","11:21:11",1,4055,-80,""
"FRONT","2025-01-02","11:34:16",2,4052,-83,""
"FRONT","2025-01-02","11:35:10",1,4037,-89,""
"FRONT","2025-01-02","13:39:16",1,4038,-83,"XOK"
"FRONT","2025-01-02","13:39:17",2,4038,-83,""
"FRONT","2025-01-02","15:13:23",2,4028,-82,"XOK"
"FRONT","2025-01-02","15:13:25",1,4028,-82,""
"FRONT","2025-01-02","15:13:26",2,4028,-82,""
"FRONT","2025-01-02","15:18:10",1,4028,-87,""
"FRONT","2025-01-03","08:24:26",2,3751,-81,""
"FRONT","2025-01-03","08:24:59",1,3742,-86,""
"FRONT","2025-01-03","08:25:00",2,3742,-86,""
"FRONT","2025-01-03","09:22:46",2,3772,-85,"X"
"FRONT","2025-01-03","09:29:23",1,3787,-82,""
"FRONT","2025-01-03","13:43:18",2,3839,-82,""
"FRONT","2025-01-03","13:43:37",1,3843,-81,""
"FRONT","2025-01-03","13:51:58",1,3839,-84,"XOK"
"FRONT","2025-01-03","13:51:59",2,3839,-84,""
"FRONT","2025-01-03","14:45:14",1,3849,-91,""
"FRONT","2025-01-03","14:45:15",2,3849,-91,""
"FRONT","2025-01-03","14:45:16",1,3849,-91,""
"FRONT","2025-01-03","14:47:56",2,3845,-82,""
"LOUNGE","2025-01-03","16:01:42",1,3996,-82,"XOK"
"LOUNGE","2025-01-03","16:01:43",2,3996,-82,""
"LOUNGE","2025-01-03","16:04:40",1,3977,-76,""
"LOUNGE","2025-01-03","17:36:28",2,3976,-87,""
"LOUNGE","2025-01-03","17:38:27",1,3971,-75,""
"LOUNGE","2025-01-03","18:04:39",1,3989,-85,"XOK"
"LOUNGE","2025-01-03","18:04:40",2,3989,-85,""
"LOUNGE","2025-01-03","18:12:51",2,3956,-78,"XOK"
"LOUNGE","2025-01-03","18:12:52",1,3956,-78,""
"FRONT","2025-01-03","18:21:27",1,3828,-84,""
"FRONT","2025-01-03","18:24:43",2,3824,-86,""
"FRONT","2025-01-03","18:27:30",1,3826,-88,""
"FRONT","2025-01-05","10:05:14",1,3823,-90,"XOK"
"FRONT","2025-01-05","10:05:15",2,3823,-90,""
"LOUNGE","2025-01-05","10:14:10",1,3990,-77,"XOK"
"LOUNGE","2025-01-05","10:14:11",2,3990,-77,""
"LOUNGE","2025-01-05","10:14:30",1,3993,-76,""
"BIFOLD","2025-01-05","10:23:03",2,4095,-76,""
"BIFOLD","2025-01-05","10:23:23",1,4082,-74,""
"FRONT","2025-01-05","10:30:11",2,3835,-85,"XOK"
"FRONT","2025-01-05","10:30:12",1,3835,-85,""
"BIFOLD","2025-01-05","14:56:29",2,4095,-85,""
"BIFOLD","2025-01-05","14:56:30",1,4095,-85,""
"BIFOLD","2025-01-05","14:56:31",2,4095,-85,""
"BIFOLD","2025-01-05","14:56:33",1,4095,-85,""
"BIFOLD","2025-01-05","14:56:34",2,4095,-85,""
"BIFOLD","2025-01-05","14:56:48",1,4093,-80,""
"BIFOLD","2025-01-05","14:56:49",2,4093,-80,""
"BIFOLD","2025-01-05","14:56:51",1,4093,-80,""
"BIFOLD","2025-01-05","14:56:52",2,4093,-80,""
"BIFOLD","2025-01-05","14:56:53",1,4093,-80,""
"FRONT","2025-01-05","15:13:22",2,3855,-81,""
"FRONT","2025-01-05","15:13:42",1,3858,-85,""
"DINING","2025-01-05","18:08:11",2,3884,-74,""
"LOUNGE","2025-01-06","06:58:34",1,4003,-73,"X"
"DINING","2025-01-06","07:01:47",2,4002,-83,"X"
"FRONT","2025-01-06","08:02:06",2,3864,-86,""
"FRONT","2025-01-06","08:02:39",1,3872,-87,""
"LOUNGE","2025-01-06","08:35:52",1,4021,-87,"XOK"
"LOUNGE","2025-01-06","08:35:53",2,4021,-87,""
"LOUNGE","2025-01-06","08:35:57",1,4004,-80,""
"LOUNGE","2025-01-06","08:35:58",2,4004,-80,""
"LOUNGE","2025-01-06","08:36:00",1,4004,-80,""
"LOUNGE","2025-01-06","08:36:01",2,4004,-80,""
"LOUNGE","2025-01-06","08:36:02",1,4004,-80,""
"FRONT","2025-01-06","10:27:49",2,3852,-86,""
"FRONT","2025-01-06","11:15:52",2,3845,-88,"X"
"FRONT","2025-01-06","11:16:22",1,3864,-84,""
"DINING","2025-01-06","11:36:29",2,3736,-76,"X"
"FRONT","2025-01-06","13:30:30",2,3846,-86,""
"FRONT","2025-01-06","13:30:58",1,3849,-85,""
"FRONT","2025-01-06","14:27:02",2,3851,-85,""
"FRONT","2025-01-06","14:27:50",1,3849,-87,""
"FRONT","2025-01-06","16:19:16",2,3841,-83,""
"FRONT","2025-01-06","16:19:33",1,3841,-88,""
"FRONT","2025-01-06","16:55:59",2,3841,-87,""
"FRONT","2025-01-06","16:56:27",1,3846,-84,""
"FRONT","2025-01-06","16:56:29",2,3846,-84,""
"FRONT","2025-01-06","16:56:30",1,3846,-84,""
"FRONT","2025-01-06","16:56:31",2,3846,-84,""
"FRONT","2025-01-06","16:56:32",1,3846,-84,""
"FRONT","2025-01-06","17:20:55",1,3820,-88,"X"
"FRONT","2025-01-06","17:29:45",2,3834,-82,""
"FRONT","2025-01-06","17:29:46",1,3834,-82,""
"LOUNGE","2025-01-06","18:54:58",2,3999,-86,""
"LOUNGE","2025-01-06","19:00:16",1,3968,-79,""
"LOUNGE","2025-01-07","17:31:06",2,4010,-91,""
"LOUNGE","2025-01-07","17:37:28",1,3969,-74,""
"LOUNGE","2025-01-07","17:41:41",2,3969,-82,""
"LOUNGE","2025-01-07","17:41:46",1,3934,-79,""
"FRONT","2025-01-07","18:07:28",2,3839,-84,""
"FRONT","2025-01-07","18:07:33",1,3841,-84,""
"FRONT","2025-01-08","07:50:39",2,3815,-84,""
"FRONT","2025-01-08","07:50:42",1,3814,-84,""
"FRONT","2025-01-08","07:50:43",2,3814,-84,""
"FRONT","2025-01-08","07:58:57",1,3815,-82,""
"FRONT","2025-01-08","07:59:30",2,3821,-83,""
"FRONT","2025-01-08","07:59:31",1,3821,-83,""
"FRONT","2025-01-08","10:45:49",2,3816,-90,""
"FRONT","2025-01-08","10:46:13",1,3828,-91,""
"FRONT","2025-01-08","13:11:10",2,3824,-86,""
"FRONT","2025-01-08","13:11:42",1,3829,-92,""
"DINING","2025-01-08","17:35:29",1,4079,-87,""
"DINING","2025-01-08","17:35:30",2,4079,-87,""
"DINING","2025-01-08","17:35:31",1,4079,-87,""
"DINING","2025-01-08","17:35:32",2,4079,-87,""
"DINING","2025-01-08","17:35:34",1,4079,-87,""
"DINING","2025-01-08","17:36:01",2,4032,-72,""
"DINING","2025-01-08","17:36:02",1,4032,-72,""
"DINING","2025-01-08","17:36:03",2,4032,-72,""
"DINING","2025-01-08","17:36:34",1,4018,-79,""
"DINING","2025-01-08","17:36:35",2,4018,-79,""
"DINING","2025-01-08","17:36:36",1,4018,-79,""
"DINING","2025-01-08","17:41:16",2,4048,-86,""
"DINING","2025-01-08","17:42:35",74,3800,-74,""
"DINING","2025-01-08","17:43:12",2,3974,-72,""
"DINING","2025-01-08","17:45:28",74,3800,-83,""
"DINING","2025-01-08","17:45:54",2,3965,-84,""
"DINING","2025-01-08","17:46:01",74,3800,-76,""
"DINING","2025-01-08","17:46:40",1,3943,-84,""
"DINING","2025-01-08","17:46:41",2,3943,-84,""
"DINING","2025-01-08","17:46:43",2,3952,-80,"X"
"DINING","2025-01-08","17:47:58",74,3800,-70,""
"DINING","2025-01-08","17:48:27",2,3928,-81,""
"DINING","2025-01-08","17:48:28",1,3928,-81,""
"DINING","2025-01-08","17:49:16",2,3917,-75,""
"DINING","2025-01-08","17:49:20",1,3917,-81,""
"FRONT","2025-01-09","09:04:19",2,3820,-86,""
"FRONT","2025-01-09","09:04:20",1,3820,-86,""
"BIFOLD","2025-01-09","12:01:44",2,4088,-70,""
"BIFOLD","2025-01-09","12:02:15",1,4075,-74,""
"FRONT","2025-01-09","14:38:20",2,3881,-81,""
"FRONT","2025-01-09","14:38:38",1,3885,-83,""
"LOUNGE","2025-01-09","16:18:49",1,3991,-82,"XOK"
"LOUNGE","2025-01-09","16:18:50",2,3991,-82,""
"LOUNGE","2025-01-09","16:19:25",1,4000,-81,""
"FRONT","2025-01-10","14:02:10",2,3862,-86,""
"FRONT","2025-01-10","14:02:48",1,3852,-80,""
"FRONT","2025-01-10","16:05:23",2,3856,-83,""
"FRONT","2025-01-10","16:05:44",1,3847,-84,""
"LOUNGE","2025-01-12","14:58:15",2,4003,-75,""
"LOUNGE","2025-01-12","15:04:54",2,3992,-79,"XOK"
"LOUNGE","2025-01-12","15:04:55",1,3992,-79,""
"FRONT","2025-01-12","15:10:25",2,3839,-81,""
"FRONT","2025-01-12","15:10:47",1,3849,-88,""
"BIFOLD","2025-01-14","07:17:49",2,4070,-79,""
"BIFOLD","2025-01-14","07:18:00",1,4060,-67,""
"FRONT","2025-01-14","17:49:26",2,3953,-86,""
"FRONT","2025-01-14","17:50:26",1,3961,-82,""
"FRONT","2025-01-15","09:21:52",2,3978,-87,""
"FRONT","2025-01-15","09:27:51",1,3962,-83,""
"FRONT","2025-01-15","13:43:33",2,3975,-87,""
"FRONT","2025-01-15","13:43:34",1,3975,-87,""
"BIFOLD","2025-01-15","14:46:08",2,4093,-84,""
"BIFOLD","2025-01-15","14:46:27",1,4092,-71,""
"BIFOLD","2025-01-17","07:27:42",2,4065,-82,""
"BIFOLD","2025-01-17","07:27:49",1,4061,-72,""
"FRONT","2025-01-17","17:49:35",2,4000,-81,""
"FRONT","2025-01-17","17:50:02",1,3963,-82,""
"FRONT","2025-01-17","19:40:13",1,3971,-89,"XOK"
"FRONT","2025-01-17","19:40:14",2,3971,-89,""
"FRONT","2025-01-17","19:40:15",1,3971,-89,""
"FRONT","2025-01-17","19:40:16",2,3971,-89,""
"FRONT","2025-01-17","19:40:18",1,3971,-89,""
"FRONT","2025-01-17","19:41:00",2,3928,-87,""
"FRONT","2025-01-17","19:41:01",1,3928,-87,""
"FRONT","2025-01-18","11:12:12",1,3953,-87,"X"
"BIFOLD","2025-01-18","11:50:41",2,4044,-85,""
"BIFOLD","2025-01-18","11:50:42",1,4044,-85,""
"BIFOLD","2025-01-18","11:50:44",2,4044,-85,""
"BIFOLD","2025-01-18","11:51:19",1,4028,-86,""
"BIFOLD","2025-01-18","11:51:20",2,4028,-86,""
"BIFOLD","2025-01-18","11:51:21",1,4028,-86,""
"FRONT","2025-01-18","13:22:07",2,3949,-83,""
"FRONT","2025-01-18","13:22:08",1,3949,-83,""
"LOUNGE","2025-01-19","11:21:14",1,3973,-86,"XOK"
"LOUNGE","2025-01-19","11:21:16",2,3973,-86,""
"LOUNGE","2025-01-19","11:22:03",1,3956,-82,""
"LOUNGE","2025-01-19","16:55:15",1,3992,-86,"XOK"
"LOUNGE","2025-01-19","16:55:17",2,3992,-86,""
"LOUNGE","2025-01-19","16:56:05",1,3996,-85,""
"LOUNGE","2025-01-19","16:56:08",2,3984,-71,""
"LOUNGE","2025-01-19","16:56:09",1,3984,-71,""
"FRONT","2025-01-20","18:13:41",2,3970,-82,""
"FRONT","2025-01-20","18:13:42",1,3970,-82,""
"BIFOLD","2025-01-21","07:48:56",2,4050,-81,""
"BIFOLD","2025-01-21","07:49:00",1,4018,-75,""
"BIFOLD","2025-01-21","07:49:05",2,4017,-85,""
"BIFOLD","2025-01-21","07:49:33",1,3982,-83,""
"BIFOLD","2025-01-21","07:49:34",2,3982,-83,""
"BIFOLD","2025-01-21","07:49:35",1,3982,-83,""
"BIFOLD","2025-01-21","07:49:36",2,3982,-83,""
"BIFOLD","2025-01-21","07:49:37",1,3982,-83,""
"BIFOLD","2025-01-21","07:49:39",2,3982,-83,""
"BIFOLD","2025-01-21","07:49:40",1,3982,-83,""
"FRONT","2025-01-21","14:58:21",2,3990,-83,""
"FRONT","2025-01-21","14:58:42",1,3969,-83,""
"LOUNGE","2025-01-21","16:48:02",2,3996,-87,""
"LOUNGE","2025-01-21","16:51:34",1,3983,-86,""
"FRONT","2025-01-21","20:36:55",2,3974,-87,""
"FRONT","2025-01-21","20:41:59",1,3972,-89,""
"FRONT","2025-01-22","08:05:24",2,3977,-82,""
"FRONT","2025-01-22","08:11:16",1,3976,-80,""
"FRONT","2025-01-23","17:22:08",2,3963,-83,""
"LOUNGE","2025-01-23","19:30:34",1,3975,-81,"X"
"FRONT","2025-01-24","18:57:11",2,3990,-87,"X"
"FRONT","2025-01-24","18:57:42",1,3967,-86,""
"BIFOLD","2025-01-25","12:20:45",2,4054,-79,""
"BIFOLD","2025-01-25","14:52:42",1,4032,-74,""
"BIFOLD","2025-01-25","14:53:02",2,4026,-70,""
"FRONT","2025-01-25","18:02:51",2,3991,-92,""
"FRONT","2025-01-25","18:06:27",1,3983,-76,""
"BIFOLD","2025-01-25","18:55:14",1,4027,-80,""
"FRONT","2025-01-26","10:47:58",2,3953,-83,""
"FRONT","2025-01-26","10:47:59",1,3953,-83,""
"FRONT","2025-01-26","10:48:00",2,3953,-83,""
"FRONT","2025-01-26","10:48:20",1,3958,-83,""
"FRONT","2025-01-26","10:48:21",2,3958,-83,""
"FRONT","2025-01-26","10:48:22",1,3958,-83,""
"FRONT","2025-01-26","20:50:10",2,3975,-84,""
"FRONT","2025-01-26","20:51:14",1,3977,-82,""
"FRONT","2025-01-27","13:51:46",2,3983,-83,""
"FRONT","2025-01-27","13:51:47",1,3983,-83,""
"FRONT","2025-01-27","13:52:08",2,3960,-86,""
"FRONT","2025-01-27","18:43:43",1,3978,-81,""
"LOUNGE","2025-01-28","12:53:10",1,3994,-86,"XOK"
"LOUNGE","2025-01-28","12:53:12",2,3994,-86,""
"LOUNGE","2025-01-28","12:53:13",1,3994,-86,""
"LOUNGE","2025-01-28","12:53:14",2,3994,-82,""
"LOUNGE","2025-01-28","12:53:15",1,3994,-82,""
"LOUNGE","2025-01-28","12:53:16",1,3994,-82,"XOK"
"LOUNGE","2025-01-28","12:53:17",2,3994,-82,""
"LOUNGE","2025-01-28","12:53:18",1,3994,-82,""
"FRONT","2025-01-28","15:58:26",2,3988,-85,""
"FRONT","2025-01-28","15:58:59",1,3971,-84,""
"FRONT","2025-01-28","18:10:46",2,3977,-86,""
"FRONT","2025-01-28","18:11:04",1,3962,-88,""
"FRONT","2025-01-29","08:08:05",2,3957,-81,""
"FRONT","2025-01-29","08:08:06",1,3957,-81,""
"FRONT","2025-01-29","08:21:20",2,3959,-83,""
"FRONT","2025-01-29","08:21:21",1,3959,-83,""
"FRONT","2025-01-29","10:32:58",2,3980,-81,""
"FRONT","2025-01-29","10:33:33",1,3927,-87,""
"FRONT","2025-01-29","10:33:34",2,3927,-87,""
"FRONT","2025-01-29","10:33:35",1,3927,-87,""
"FRONT","2025-01-29","10:33:36",2,3927,-87,""
"FRONT","2025-01-29","10:33:37",1,3927,-77,""
"FRONT","2025-01-29","10:33:39",2,3927,-77,""
"FRONT","2025-01-29","10:33:41",2,3927,-77,"X"
"FRONT","2025-01-29","10:34:28",2,3919,-79,"XOK"
"FRONT","2025-01-29","10:34:34",1,3915,-87,""
"FRONT","2025-01-29","10:34:35",2,3915,-87,""
"FRONT","2025-01-29","10:36:52",1,3875,-82,""
"FRONT","2025-01-29","10:36:55",2,3859,-81,""
"FRONT","2025-01-29","10:37:19",1,3860,-89,""
"FRONT","2025-01-29","10:37:21",2,3860,-89,""
"FRONT","2025-01-29","10:37:22",1,3860,-89,""
"FRONT","2025-01-29","10:37:23",2,3860,-89,""
"FRONT","2025-01-29","10:37:24",1,3860,-89,""
"FRONT","2025-01-29","10:37:25",2,3860,-89,""
"FRONT","2025-01-29","10:37:26",1,3860,-89,""
"FRONT","2025-01-29","10:38:40",2,3824,-88,""
"FRONT","2025-01-29","10:38:42",1,3824,-88,""
"FRONT","2025-01-29","10:38:43",2,3824,-88,""
"FRONT","2025-01-29","10:38:44",1,3824,-88,""
"FRONT","2025-01-29","10:38:45",2,3809,-88,""
"FRONT","2025-01-29","10:38:46",1,3809,-81,""
"FRONT","2025-01-29","10:39:03",1,3820,-86,"X"
"FRONT","2025-01-29","10:39:54",1,3809,-79,"X"
"FRONT","2025-01-29","14:52:24",1,3922,-85,"X"
"FRONT","2025-01-29","14:53:01",2,3894,-84,""
"FRONT","2025-01-29","14:53:02",1,3894,-84,""
"FRONT","2025-01-30","18:50:06",2,3975,-84,""
"FRONT","2025-01-30","18:50:46",1,3969,-87,""
"FRONT","2025-01-31","13:33:17",1,3962,-88,"X"
"FRONT","2025-01-31","13:34:46",2,3953,-90,""
"FRONT","2025-01-31","13:34:48",1,3953,-90,""
"FRONT","2025-01-31","14:15:21",2,3955,-85,""
"FRONT","2025-01-31","14:15:23",1,3955,-85,""
"FRONT","2025-01-31","14:15:24",2,3955,-85,""
"FRONT","2025-01-31","17:45:57",1,3936,-85,""
"FRONT","2025-01-31","17:45:59",2,3936,-85,""
"FRONT","2025-02-01","07:53:56",2,3960,-81,"XOK"
"FRONT","2025-02-01","07:53:58",1,3960,-81,""
"FRONT","2025-02-01","07:53:59",2,3960,-81,""
"FRONT","2025-02-01","08:01:39",2,3942,-82,"XOK"
"FRONT","2025-02-01","08:01:40",1,3942,-82,""
"FRONT","2025-02-01","14:41:35",2,3934,-81,""
"FRONT","2025-02-01","14:41:36",1,3934,-81,""
"FRONT","2025-02-01","14:41:37",2,3934,-81,""
"FRONT","2025-02-01","14:42:04",1,3922,-81,""
"FRONT","2025-02-01","14:42:05",2,3922,-81,""
"LOUNGE","2025-02-01","19:04:28",2,4001,-80,""
"LOUNGE","2025-02-01","19:15:05",1,3988,-79,""
"LOUNGE","2025-02-02","12:31:28",1,4007,-87,"XOK"
"LOUNGE","2025-02-02","12:31:29",2,4007,-87,""
"LOUNGE","2025-02-02","12:31:48",1,3991,-83,""
"BIFOLD","2025-02-02","16:05:13",2,4020,-85,""
"BIFOLD","2025-02-02","16:05:43",1,4007,-80,""
"BIFOLD","2025-02-02","16:20:14",2,4014,-80,""
"BIFOLD","2025-02-02","16:20:39",1,4004,-72,""
"BIFOLD","2025-02-02","16:20:40",2,4004,-72,""
"FRONT","2025-02-02","22:09:35",1,3910,-91,""
"FRONT","2025-02-02","22:09:50",2,3907,-80,""
"FRONT","2025-02-02","22:09:51",1,3907,-80,""
"FRONT","2025-02-02","22:09:52",2,3907,-80,""
"FRONT","2025-02-02","22:09:53",1,3907,-80,""
"BIFOLD","2025-02-03","07:03:57",1,3987,-83,""
"BIFOLD","2025-02-03","07:03:59",2,3974,-87,""
"BIFOLD","2025-02-03","07:04:34",1,3969,-84,""
"BIFOLD","2025-02-03","07:04:35",2,3969,-84,""
"BIFOLD","2025-02-03","07:04:36",1,3969,-84,""
"BIFOLD","2025-02-03","07:04:37",2,3969,-84,""
"BIFOLD","2025-02-03","07:04:38",1,3969,-84,""
"FRONT","2025-02-03","18:12:03",2,3835,-80,""
"FRONT","2025-02-03","18:12:24",1,3835,-85,""
"BIFOLD","2025-02-03","18:57:46",2,3999,-88,""
"BIFOLD","2025-02-03","18:57:47",1,3999,-88,""
"BIFOLD","2025-02-03","18:57:48",2,3995,-78,""
"BIFOLD","2025-02-03","18:57:49",2,3995,-72,"XOK"
"BIFOLD","2025-02-03","18:57:50",1,3995,-72,""
"BIFOLD","2025-02-03","18:57:51",2,3995,-72,""
"BIFOLD","2025-02-03","18:57:52",1,3995,-72,""
"BIFOLD","2025-02-03","18:57:53",2,3995,-72,""
"BIFOLD","2025-02-03","18:57:55",1,3995,-72,""
"BIFOLD","2025-02-03","18:58:05",1,3996,-69,"XOK"
"BIFOLD","2025-02-03","18:58:06",2,3996,-69,""
"BIFOLD","2025-02-03","18:58:08",1,3996,-69,""
"BIFOLD","2025-02-04","14:30:19",0,3841,-83,""
"FRONT","2025-02-04","16:44:55",1,3881,-84,"XOK"
"FRONT","2025-02-04","16:44:57",2,3881,-84,""
"FRONT","2025-02-04","16:45:29",1,3882,-77,""
"FRONT","2025-02-05","06:53:14",1,3925,-79,"XOK"
"FRONT","2025-02-05","06:53:15",2,3925,-79,""
"FRONT","2025-02-05","06:53:43",1,3927,-86,""
"FRONT","2025-02-05","16:35:00",1,3947,-84,"XOK"
"FRONT","2025-02-05","16:35:01",2,3947,-84,""
"FRONT","2025-02-05","16:35:18",1,3935,-85,""
"FRONT","2025-02-05","17:10:19",2,3935,-87,""
"FRONT","2025-02-05","17:10:21",1,3935,-87,""
"FRONT","2025-02-06","15:22:10",1,3921,-80,"XOK"
"FRONT","2025-02-06","15:22:11",2,3921,-80,""
"FRONT","2025-02-06","16:49:21",1,3935,-85,""
"LOUNGE","2025-02-06","18:54:14",1,4008,-88,"XOK"
"LOUNGE","2025-02-06","18:54:15",2,4008,-88,""
"LOUNGE","2025-02-06","18:56:51",1,3980,-81,""
"FRONT","2025-02-07","17:31:22",2,3888,-86,""
"FRONT","2025-02-07","17:32:42",1,3906,-89,""
"BIFOLD","2025-02-08","08:34:08",2,3987,-71,""
"BIFOLD","2025-02-08","08:34:09",1,3987,-71,""
"BIFOLD","2025-02-08","08:34:10",2,3987,-71,""
"BIFOLD","2025-02-08","08:34:28",1,3980,-70,""
"BIFOLD","2025-02-08","08:34:29",2,3980,-70,""
"BIFOLD","2025-02-08","08:34:31",1,3980,-70,""
"FRONT","2025-02-08","08:36:48",2,3928,-84,""
"FRONT","2025-02-08","08:40:28",1,3932,-91,""
"FRONT","2025-02-08","15:54:33",1,3932,-86,"XOK"
"FRONT","2025-02-08","15:54:34",2,3932,-86,""
"FRONT","2025-02-08","15:54:52",1,3888,-81,""
"FRONT","2025-02-08","15:54:53",2,3888,-81,""
"FRONT","2025-02-08","15:54:55",1,3888,-81,""
"FRONT","2025-02-08","15:54:56",2,3888,-81,""
"FRONT","2025-02-08","15:54:57",1,3888,-81,""
"LOUNGE","2025-02-08","17:08:34",1,3992,-86,"XOK"
"LOUNGE","2025-02-08","17:08:35",2,3992,-86,""
"LOUNGE","2025-02-08","17:17:01",2,3960,-79,"X"
"LOUNGE","2025-02-09","15:29:45",2,3996,-83,"X"
"LOUNGE","2025-02-09","15:40:48",1,3978,-76,""
"BIFOLD","2025-02-09","16:27:52",2,4020,-86,""
"BIFOLD","2025-02-09","16:27:59",1,3999,-77,""
"FRONT","2025-02-10","13:42:32",2,3927,-83,""
"FRONT","2025-02-10","13:42:33",1,3927,-83,""
"FRONT","2025-02-10","13:42:35",2,3927,-83,""
"FRONT","2025-02-10","13:42:52",1,3895,-86,""
"FRONT","2025-02-10","13:42:53",2,3895,-86,""
"FRONT","2025-02-10","13:42:55",2,3895,-86,"XOK"
"FRONT","2025-02-10","13:42:56",1,3895,-86,""
"FRONT","2025-02-10","13:42:58",2,3895,-86,""
"FRONT","2025-02-10","13:42:59",1,3895,-86,""
"FRONT","2025-02-11","17:17:19",2,3937,-86,""
"FRONT","2025-02-11","17:17:20",1,3937,-86,""
"FRONT","2025-02-12","13:52:37",2,3927,-86,""
"FRONT","2025-02-12","13:52:38",1,3927,-86,""
"FRONT","2025-02-12","13:53:13",2,3921,-87,""
"FRONT","2025-02-12","15:08:24",1,3932,-87,""
"BIFOLD","2025-02-13","12:43:04",2,3988,-77,""
"BIFOLD","2025-02-13","12:43:05",1,3988,-77,""
"FRONT","2025-02-13","12:54:41",2,3925,-85,""
"FRONT","2025-02-13","12:54:49",1,3888,-90,""
"BIFOLD","2025-02-13","12:59:58",2,3995,-80,""
"BIFOLD","2025-02-13","13:00:40",1,3993,-78,""
"BIFOLD","2025-02-13","13:44:43",2,3996,-77,""
"BIFOLD","2025-02-13","13:44:45",1,3996,-77,""
"BIFOLD","2025-02-13","13:45:05",2,3975,-66,""
"BIFOLD","2025-02-13","13:45:07",1,3975,-66,""
"FRONT","2025-02-14","09:20:51",2,3906,-89,""
"FRONT","2025-02-14","09:20:52",1,3906,-89,""
"FRONT","2025-02-14","09:44:42",1,3905,-90,"X"
"FRONT","2025-02-14","12:05:25",1,3918,-83,"XOK"
"FRONT","2025-02-14","12:05:26",2,3918,-83,""
"BIFOLD","2025-02-14","12:16:26",2,3995,-79,""
"BIFOLD","2025-02-14","12:16:30",1,3984,-72,""
"BIFOLD","2025-02-14","12:16:31",2,3984,-72,""
"BIFOLD","2025-02-14","12:17:03",1,3914,-77,""
"BIFOLD","2025-02-14","12:17:04",2,3914,-77,""
"BIFOLD","2025-02-14","12:17:05",1,3914,-77,""
"BIFOLD","2025-02-14","12:17:24",2,3909,-69,""
"BIFOLD","2025-02-14","12:17:30",1,3888,-87,""
"BIFOLD","2025-02-14","12:17:32",2,3888,-87,""
"BIFOLD","2025-02-14","12:17:33",1,3888,-87,""
"BIFOLD","2025-02-14","12:17:34",2,3889,-74,""
"BIFOLD","2025-02-14","12:20:16",1,3919,-76,""
"BIFOLD","2025-02-14","12:20:29",2,3918,-68,""
"BIFOLD","2025-02-14","12:20:30",1,3918,-68,""
"FRONT","2025-02-14","12:54:35",1,3893,-88,""
"FRONT","2025-02-14","12:55:01",2,3850,-86,""
"FRONT","2025-02-14","12:59:01",1,3872,-82,""
"FRONT","2025-02-14","12:59:02",2,3872,-82,""
"FRONT","2025-02-14","12:59:04",1,3872,-81,""
"FRONT","2025-02-14","12:59:06",2,3872,-81,""
"FRONT","2025-02-14","12:59:07",2,3872,-89,"XOK"
"FRONT","2025-02-14","12:59:09",1,3872,-89,""
"FRONT","2025-02-14","13:14:43",2,3902,-82,""
"FRONT","2025-02-14","14:21:34",2,3891,-87,"XOK"
"FRONT","2025-02-14","14:21:35",1,3891,-87,""
"FRONT","2025-02-14","15:30:24",1,3879,-88,"XOK"
"FRONT","2025-02-14","15:30:25",2,3879,-88,""
"FRONT","2025-02-14","16:52:53",1,3879,-83,""
"FRONT","2025-02-14","16:53:08",2,3859,-83,""
"FRONT","2025-02-14","16:53:09",1,3859,-83,""
"FRONT","2025-02-14","18:47:48",2,3875,-85,""
"FRONT","2025-02-14","19:25:28",1,3867,-88,""
"FRONT","2025-02-14","19:28:05",2,3860,-80,""
"FRONT","2025-02-14","19:28:07",1,3860,-80,""
"FRONT","2025-02-14","20:21:48",2,3879,-89,""
"FRONT","2025-02-14","21:30:09",1,3879,-87,""
"FRONT","2025-02-15","01:59:21",2,3862,-84,""
"FRONT","2025-02-15","01:59:22",1,3862,-84,""
"FRONT","2025-02-15","09:40:41",1,3848,-85,"X"
"FRONT","2025-02-15","09:46:11",2,3845,-78,""
"FRONT","2025-02-15","09:46:13",1,3845,-78,""
"FRONT","2025-02-15","09:46:14",2,3845,-78,""
"FRONT","2025-02-15","09:46:15",1,3845,-78,""
"FRONT","2025-02-15","09:46:16",2,3845,-78,""
"FRONT","2025-02-15","09:46:17",1,3845,-78,""
"FRONT","2025-02-16","08:46:59",1,3848,-80,"XOK"
"FRONT","2025-02-16","08:47:00",2,3848,-80,""
"FRONT","2025-02-16","09:10:16",1,3845,-83,""
"FRONT","2025-02-16","09:10:17",2,3845,-83,""
"FRONT","2025-02-16","09:10:18",1,3846,-83,""
"FRONT","2025-02-16","09:10:19",2,3846,-78,""
"BIFOLD","2025-02-27","14:30:19",1,3852,-83,"XOK"
"BIFOLD","2025-02-27","14:30:32",2,3843,-74,""
"BIFOLD","2025-03-01","20:30:56",1,3806,-81,""
"BIFOLD","2025-03-01","20:36:32",2,3809,-80,""
"BIFOLD","2025-03-02","10:46:52",1,3793,-89,""
"BIFOLD","2025-03-02","10:46:53",2,3793,-89,""
"BIFOLD","2025-03-02","13:32:28",1,3808,-81,""
"BIFOLD","2025-03-02","13:32:29",2,3808,-81,""
"BIFOLD","2025-03-02","13:32:52",1,3807,-71,""
"BIFOLD","2025-03-02","13:32:53",2,3807,-71,""
"BIFOLD","2025-03-02","13:32:54",1,3807,-71,""
"BIFOLD","2025-03-02","13:32:55",1,3807,-69,"XOK"
"BIFOLD","2025-03-02","13:32:56",2,3807,-69,""
"BIFOLD","2025-03-02","13:32:57",1,3807,-69,""
"LOUNGE","2025-03-02","13:45:40",1,4027,-78,"XOK"
"LOUNGE","2025-03-02","13:45:41",2,4027,-78,""
"FRONT","2025-03-02","14:12:35",2,4095,-92,"X"
"FRONT","2025-03-02","14:13:49",1,4095,-83,""
"FRONT","2025-03-02","14:13:50",2,4095,-83,""
"FRONT","2025-03-02","14:15:05",1,4095,-81,""
"FRONT","2025-03-02","14:15:06",2,4095,-81,""
"FRONT","2025-03-02","14:15:13",2,4095,-85,"X"
"FRONT","2025-03-02","14:19:42",74,3800,-83,""
"FRONT","2025-03-02","14:19:51",2,4095,-88,""
"LOUNGE","2025-03-02","14:40:34",2,4048,-83,"XOK"
"LOUNGE","2025-03-02","14:40:36",1,4048,-83,""
"DINING","2025-03-04","07:41:13",2,3825,-82,""
"BIFOLD","2025-03-06","17:26:48",2,3835,-85,""
"BIFOLD","2025-03-06","17:27:05",1,3825,-72,""
"FRONT","2025-03-07","17:42:29",1,4038,-81,""
"FRONT","2025-03-07","17:42:44",2,4015,-87,""
"BIFOLD","2025-03-08","15:14:43",2,3831,-83,""
"BIFOLD","2025-03-08","15:15:12",1,3824,-62,""
"BIFOLD","2025-03-08","15:41:29",2,3824,-79,""
"BIFOLD","2025-03-08","15:41:30",1,3824,-79,""
"BIFOLD","2025-03-08","15:41:31",2,3824,-79,""
"BIFOLD","2025-03-08","15:42:20",1,3818,-68,""
"BIFOLD","2025-03-08","15:42:21",2,3818,-68,""
"BIFOLD","2025-03-08","15:42:22",1,3818,-74,""
"BIFOLD","2025-03-08","15:42:23",2,3818,-74,""
"BIFOLD","2025-03-08","15:42:25",1,3818,-74,""
"BIFOLD","2025-03-09","08:32:42",2,3781,-77,""
"BIFOLD","2025-03-09","08:33:23",1,3792,-70,""
"BIFOLD","2025-03-09","08:33:24",2,3792,-70,""
"BIFOLD","2025-03-09","08:33:25",1,3792,-70,""
"BIFOLD","2025-03-09","08:40:45",2,3779,-82,""
"BIFOLD","2025-03-09","08:41:18",1,3792,-70,""
"BIFOLD","2025-03-10","17:22:11",2,3791,-76,""
"BIFOLD","2025-03-10","17:22:16",1,3795,-77,""
"BIFOLD","2025-03-10","17:22:17",2,3795,-77,""
"BIFOLD","2025-03-10","17:22:35",1,3807,-85,""
"BIFOLD","2025-03-10","17:22:36",2,3807,-85,""
"BIFOLD","2025-03-10","17:22:37",1,3807,-85,""
"BIFOLD","2025-03-10","17:22:47",2,3806,-69,""
"BIFOLD","2025-03-10","17:23:02",1,3812,-70,""
"BIFOLD","2025-03-10","17:23:03",2,3812,-70,""
"BIFOLD","2025-03-10","17:23:04",1,3812,-70,""
"FRONT","2025-03-11","16:11:55",1,3921,-79,""
"FRONT","2025-03-12","07:31:58",2,3960,-86,""
"FRONT","2025-03-12","07:32:04",1,3927,-85,""
"FRONT","2025-03-12","17:23:52",1,3961,-82,"XOK"
"FRONT","2025-03-12","17:23:53",2,3961,-82,""
"FRONT","2025-03-13","13:06:32",2,3965,-83,"XOK"
"FRONT","2025-03-13","13:06:33",1,3965,-83,""
"FRONT","2025-03-13","13:06:34",2,3965,-83,""
"FRONT","2025-03-13","13:06:35",1,3965,-83,""
"FRONT","2025-03-13","13:06:37",2,3965,-83,""
"FRONT","2025-03-13","17:38:35",1,3963,-88,""
"FRONT","2025-03-13","17:38:36",2,3963,-88,""
"FRONT","2025-03-13","20:30:10",1,3955,-85,""
"FRONT","2025-03-13","20:30:11",2,3955,-85,""
"BIFOLD","2025-03-14","17:51:16",2,3767,-78,""
"BIFOLD","2025-03-14","17:51:17",1,3767,-78,""
"BIFOLD","2025-03-14","17:51:18",2,3767,-78,""
"BIFOLD","2025-03-14","17:51:24",1,3790,-76,""
"FRONT","2025-03-14","18:56:50",2,3960,-84,"X"
"BIFOLD","2025-03-15","08:36:25",2,3747,-63,""
"BIFOLD","2025-03-15","08:50:31",1,3750,-80,""
"BIFOLD","2025-03-15","08:51:36",2,3762,-71,""
"FRONT","2025-03-15","12:07:29",,,-86,""
"BIFOLD","2025-03-15","13:49:06",1,3763,-83,""
"BIFOLD","2025-03-15","13:49:07",2,3763,-83,""
"BIFOLD","2025-03-15","14:12:08",1,3762,-70,""
"BIFOLD","2025-03-15","14:12:09",2,3762,-70,""
"BIFOLD","2025-03-15","14:27:04",1,3769,-76,""
"BIFOLD","2025-03-15","14:27:06",2,3769,-76,""
"BIFOLD","2025-03-15","15:31:39",1,3771,-78,""
"BIFOLD","2025-03-15","15:32:00",2,3763,-76,""
"BIFOLD","2025-03-15","18:04:06",1,3717,-87,""
"BIFOLD","2025-03-15","18:05:00",2,3759,-76,""
"BIFOLD","2025-03-15","18:09:30",1,3756,-68,""
"FRONT","2025-03-16","08:56:08",1,3923,-87,""
"BIFOLD","2025-03-16","09:14:17",2,3743,-86,""
"BIFOLD","2025-03-16","09:14:18",1,3743,-86,""
"BIFOLD","2025-03-16","09:14:19",2,3743,-86,""
"BIFOLD","2025-03-16","09:14:33",1,3767,-68,""
"BIFOLD","2025-03-16","20:26:56",2,3780,-74,""
"BIFOLD","2025-03-17","17:23:32",1,3795,-75,""
"FRONT","2025-03-17","17:37:10",2,3957,-83,""
"BIFOLD","2025-03-17","17:44:07",1,3792,-78,"XOK"
"BIFOLD","2025-03-17","17:44:08",2,3792,-78,""
"BIFOLD","2025-03-17","17:44:09",1,3792,-84,""
"BIFOLD","2025-03-17","17:44:10",2,3792,-84,""
"BIFOLD","2025-03-17","17:44:11",1,3792,-84,""
"BIFOLD","2025-03-17","17:44:12",1,3792,-84,"XOK"
"BIFOLD","2025-03-17","17:44:13",2,3783,-84,""
"BIFOLD","2025-03-17","17:44:14",1,3783,-75,""
"BIFOLD","2025-03-19","06:40:37",1,3800,-70,"X"
"BIFOLD","2025-03-19","10:02:00",2,3826,-73,""
"BIFOLD","2025-03-19","15:24:19",1,3864,-70,""
"BIFOLD","2025-03-19","17:56:40",2,3871,-72,""
"BIFOLD","2025-03-19","17:56:42",1,3871,-72,""
"BIFOLD","2025-03-19","17:57:00",1,3853,-69,"X"
"BIFOLD","2025-03-21","13:47:19",1,3906,-72,"XOK"
"BIFOLD","2025-03-21","13:47:29",2,3905,-78,""
"BIFOLD","2025-03-21","13:47:31",1,3905,-78,""
"FRONT","2025-03-21","20:27:14",1,3920,-85,""
"FRONT","2025-03-22","06:59:15",2,3960,-86,""
"LOUNGE","2025-03-22","11:17:05",2,4052,-88,""
"LOUNGE","2025-03-22","11:17:17",1,4023,-73,""
"BIFOLD","2025-03-22","16:41:29",2,3932,-77,""
"BIFOLD","2025-03-22","16:42:15",1,3924,-73,""
"BIFOLD","2025-03-22","16:42:16",2,3924,-73,""
"BIFOLD","2025-03-23","09:10:46",1,3883,-84,""
"BIFOLD","2025-03-23","09:11:43",2,3899,-77,""
"LOUNGE","2025-03-23","15:32:17",2,4032,-78,""
"LOUNGE","2025-03-23","15:33:09",1,4025,-76,""
"BIFOLD","2025-03-23","16:40:34",1,3906,-69,""
"BIFOLD","2025-03-23","16:44:43",2,3904,-85,""
"BIFOLD","2025-03-23","16:44:44",1,3904,-85,""
"BIFOLD","2025-03-24","17:55:07",2,3906,-80,""
"BIFOLD","2025-03-24","18:06:54",1,3892,-73,""
"BIFOLD","2025-03-25","08:04:37",2,3848,-82,""
"BIFOLD","2025-03-25","08:04:45",1,3852,-82,""
"BIFOLD","2025-03-25","08:06:58",2,3896,-85,""
"BIFOLD","2025-03-25","08:07:07",1,3865,-87,""
"BIFOLD","2025-03-25","08:07:09",2,3862,-79,""
"BIFOLD","2025-03-25","08:07:10",1,3862,-79,""
"LOUNGE","2025-03-25","11:26:04",2,4032,-86,""
"LOUNGE","2025-03-25","11:26:59",1,4025,-79,""
"BIFOLD","2025-03-26","09:37:05",1,3886,-77,"XOK"
"BIFOLD","2025-03-26","09:37:18",2,3874,-85,""
"FRONT","2025-03-26","10:21:39",1,3955,-83,""
"BIFOLD","2025-03-26","14:43:33",1,3906,-73,""
"BIFOLD","2025-03-26","14:43:39",2,3886,-68,""
"BIFOLD","2025-03-26","17:12:36",1,3896,-84,""
"BIFOLD","2025-03-26","17:12:38",2,3896,-84,""
"FRONT","2025-03-26","17:46:21",1,3975,-89,"XOK"
"FRONT","2025-03-26","17:46:40",2,3976,-86,""
"FRONT","2025-03-27","15:19:03",1,3933,-84,""
"BIFOLD","2025-03-28","16:01:22",1,3892,-78,""
"BIFOLD","2025-03-28","16:01:33",2,3885,-65,""
"BIFOLD","2025-03-28","16:01:34",1,3885,-65,""
"FRONT","2025-03-29","11:53:16",1,3815,-82,"X"
"BIFOLD","2025-03-29","12:06:07",2,3793,-75,""
"BIFOLD","2025-03-29","12:31:50",1,3816,-68,""
"BIFOLD","2025-03-29","12:31:51",2,3816,-68,""
"BIFOLD","2025-03-29","12:31:53",1,3816,-68,""
"BIFOLD","2025-03-29","12:31:54",2,3816,-68,""
"BIFOLD","2025-03-29","12:47:06",1,3833,-75,""
"BIFOLD","2025-03-29","12:49:51",2,3736,-69,""
"BIFOLD","2025-03-29","13:26:33",1,3825,-82,""
"BIFOLD","2025-03-29","14:05:13",2,3834,-84,""
"BIFOLD","2025-03-29","16:08:21",1,3807,-71,""
"BIFOLD","2025-03-29","16:08:22",2,3807,-71,""
"LOUNGE","2025-03-29","16:28:48",2,4047,-88,""
"LOUNGE","2025-03-29","16:28:57",1,4024,-87,""
"FRONT","2025-03-29","17:02:10",2,3938,-74,""
"BIFOLD","2025-03-29","17:08:18",2,3804,-69,"X"
"BIFOLD","2025-03-30","08:06:02",2,3793,-84,"XOK"
"BIFOLD","2025-03-30","08:06:04",1,3793,-84,""
"BIFOLD","2025-03-30","09:01:44",2,3767,-84,""
"BIFOLD","2025-03-30","09:01:45",1,3767,-84,""
"BIFOLD","2025-03-30","09:20:00",2,3786,-77,""
"BIFOLD","2025-03-30","09:20:02",1,3786,-77,""
"BIFOLD","2025-03-30","09:20:03",2,3786,-80,""
"BIFOLD","2025-03-30","09:20:04",1,3786,-80,""
"BIFOLD","2025-03-30","09:20:05",2,3786,-80,""
"BIFOLD","2025-03-30","09:59:58",1,3816,-79,""
"BIFOLD","2025-03-30","10:00:00",2,3816,-74,""
"BIFOLD","2025-03-30","10:26:49",1,3811,-77,""
"BIFOLD","2025-03-30","10:26:50",2,3811,-77,""
"BIFOLD","2025-03-30","10:27:17",1,3800,-69,""
"BIFOLD","2025-03-30","10:41:25",2,3811,-79,""
"BIFOLD","2025-03-30","10:41:26",1,3811,-79,""
"BIFOLD","2025-03-30","10:41:27",2,3811,-79,""
"BIFOLD","2025-03-30","10:42:04",1,3814,-83,""
"BIFOLD","2025-03-30","10:42:05",2,3814,-83,""
"BIFOLD","2025-03-30","10:42:06",1,3814,-83,""
"BIFOLD","2025-03-30","10:42:08",2,3814,-83,""
"BIFOLD","2025-03-30","10:42:09",1,3814,-83,""
"BIFOLD","2025-03-30","10:42:10",2,3814,-83,""
"BIFOLD","2025-03-30","10:42:11",1,3814,-83,""
"LOUNGE","2025-03-30","10:57:18",2,4034,-87,""
"LOUNGE","2025-03-30","10:57:31",1,4001,-83,""
"BIFOLD","2025-03-30","10:59:35",2,3832,-87,""
"BIFOLD","2025-03-30","11:00:17",1,3806,-80,""
"BIFOLD","2025-03-30","13:57:44",2,3829,-85,""
"BIFOLD","2025-03-30","13:57:45",1,3829,-85,""
"BIFOLD","2025-03-30","13:57:57",2,3811,-66,""
"BIFOLD","2025-03-30","13:57:58",1,3811,-66,""
"BIFOLD","2025-03-30","16:20:01",2,3833,-75,""
"BIFOLD","2025-03-30","16:20:06",1,3819,-71,""
"BIFOLD","2025-03-31","17:20:45",2,3846,-76,""
"BIFOLD","2025-03-31","17:21:26",1,3849,-74,""
"FRONT","2025-04-01","15:56:03",1,3949,-83,""
"FRONT","2025-04-01","15:56:04",2,3949,-83,""
"BIFOLD","2025-04-03","05:17:35",2,3802,-86,""
"BIFOLD","2025-04-03","05:17:38",1,3783,-79,""
"BIFOLD","2025-04-03","05:17:39",2,3783,-79,""
"BIFOLD","2025-04-03","05:17:55",1,3808,-75,""